{
  "trained": true,
  "accuracy": 0.6,
  "precision": 0.6666666666666666,
  "recall": 0.6666666666666666,
  "f1_score": 0.6666666666666666,
  "training_samples": 24,
  "last_trained": "2025-10-13T01:13:26.958333",
  "auc_score": 0.8333333333333333,
  "cv_accuracy_mean": 0.75,
  "cv_accuracy_std": 0.07745966692414837,
  "cv_precision_mean": 0.85,
  "cv_recall_mean": 0.8166666666666667
}